fecha,0-9,10-19,20-29,30-39,40-49,50-59,60-69,70-79,80+,wave
2020-01-01,0,0,0,0,0,0,0,0,0,wave_1
2020-01-02,0,0,0,0,0,0,0,0,0,wave_1
2020-01-03,0,0,0,0,0,0,0,0,0,wave_1
2020-01-04,0,0,0,0,0,0,0,0,0,wave_1
2020-01-05,0,0,0,0,0,0,0,0,0,wave_1
2020-01-06,0,0,0,0,0,0,0,0,0,wave_1
2020-01-07,0,0,0,0,0,0,0,0,0,wave_1
2020-01-08,0,0,0,0,0,0,0,0,0,wave_1
2020-01-09,0,0,0,0,1,0,0,0,0,wave_1
2020-01-10,1,0,0,0,0,0,0,0,0,wave_1
2020-01-11,0,0,0,0,0,0,0,0,0,wave_1
2020-01-12,0,0,0,0,0,0,0,0,0,wave_1
2020-01-13,0,0,0,0,0,0,0,0,0,wave_1
2020-01-14,0,0,0,0,0,0,0,0,0,wave_1
2020-01-15,0,0,0,0,0,0,0,0,0,wave_1
2020-01-16,0,0,0,0,0,0,0,0,0,wave_1
2020-01-17,0,0,0,0,0,0,0,0,0,wave_1
2020-01-18,0,0,0,0,1,0,0,0,0,wave_1
2020-01-19,0,0,0,0,0,0,0,0,0,wave_1
2020-01-20,0,0,0,0,0,0,0,0,0,wave_1
2020-01-21,0,0,0,1,0,0,0,0,0,wave_1
2020-01-22,0,0,0,0,0,0,0,0,0,wave_1
2020-01-23,0,0,0,0,0,0,0,0,0,wave_1
2020-01-24,0,0,0,0,0,0,0,0,0,wave_1
2020-01-25,0,0,0,0,0,0,0,0,0,wave_1
2020-01-26,0,0,0,0,0,0,0,0,0,wave_1
2020-01-27,0,0,0,0,0,0,0,0,0,wave_1
2020-01-28,0,0,0,0,0,0,0,0,0,wave_1
2020-01-29,0,0,0,0,0,0,0,0,0,wave_1
2020-01-30,0,0,0,0,0,0,0,0,0,wave_1
2020-01-31,0,0,1,0,0,0,0,0,0,wave_1
2020-02-01,0,0,0,0,0,0,0,0,0,wave_1
2020-02-02,0,0,0,0,0,0,0,0,0,wave_1
2020-02-03,0,0,0,0,0,0,0,0,0,wave_1
2020-02-04,0,0,0,0,0,0,0,0,0,wave_1
2020-02-05,0,0,0,0,0,0,0,0,0,wave_1
2020-02-06,0,0,0,0,0,0,0,0,0,wave_1
2020-02-07,0,0,0,0,0,0,0,0,0,wave_1
2020-02-08,0,0,0,0,0,0,0,0,0,wave_1
2020-02-09,0,0,0,0,1,0,0,0,0,wave_1
2020-02-10,0,0,0,0,0,0,0,0,0,wave_1
2020-02-11,0,0,0,0,0,0,0,0,0,wave_1
2020-02-12,0,0,0,1,0,2,0,0,0,wave_1
2020-02-13,0,0,0,0,0,0,0,0,0,wave_1
2020-02-14,0,0,0,0,0,0,0,0,0,wave_1
2020-02-15,0,0,0,0,0,0,0,0,0,wave_1
2020-02-16,0,0,0,0,0,0,0,0,0,wave_1
2020-02-17,0,0,0,0,0,0,0,0,0,wave_1
2020-02-18,0,0,0,0,0,0,0,0,0,wave_1
2020-02-19,0,0,0,0,0,0,0,0,0,wave_1
2020-02-20,0,0,0,0,0,0,0,0,0,wave_1
2020-02-21,1,0,0,0,0,0,0,0,0,wave_1
2020-02-22,0,0,0,0,0,0,1,0,0,wave_1
2020-02-23,0,0,0,0,0,1,0,1,0,wave_1
2020-02-24,0,0,0,0,0,0,1,1,0,wave_1
2020-02-25,0,0,0,0,0,0,1,0,0,wave_1
2020-02-26,0,0,0,2,0,3,1,1,0,wave_1
2020-02-27,0,1,2,3,5,4,4,2,2,wave_1
2020-02-28,0,1,3,3,3,4,4,4,1,wave_1
2020-02-29,0,1,1,0,3,6,3,3,1,wave_1
2020-03-01,1,2,5,4,7,7,3,4,4,wave_1
2020-03-02,1,0,8,10,12,10,14,11,6,wave_1
2020-03-03,1,2,4,12,11,13,17,9,15,wave_1
2020-03-04,2,3,3,6,17,14,14,15,25,wave_1
2020-03-05,2,5,16,19,23,29,31,31,32,wave_1
2020-03-06,7,9,25,23,43,44,32,45,46,wave_1
2020-03-07,3,1,28,19,45,38,38,60,57,wave_1
2020-03-08,6,7,30,35,50,49,46,71,75,wave_1
2020-03-09,11,14,51,55,89,84,100,125,121,wave_1
2020-03-10,13,23,95,113,142,144,162,151,175,wave_1
2020-03-11,11,23,122,165,220,180,177,183,251,wave_1
2020-03-12,14,28,153,243,289,279,266,276,239,wave_1
2020-03-13,14,43,186,273,349,337,294,313,314,wave_1
2020-03-14,13,23,166,266,311,332,272,315,295,wave_1
2020-03-15,13,23,151,237,329,360,320,417,381,wave_1
2020-03-16,17,30,162,328,487,510,516,565,554,wave_1
2020-03-17,13,12,231,459,629,794,722,800,724,wave_1
2020-03-18,15,19,264,469,642,896,803,766,785,wave_1
2020-03-19,16,24,266,591,908,1019,986,974,926,wave_1
2020-03-20,16,26,318,658,980,1193,1120,1066,990,wave_1
2020-03-21,22,22,230,554,838,997,1019,1067,933,wave_1
2020-03-22,14,20,229,443,767,987,957,906,903,wave_1
2020-03-23,25,22,407,806,1272,1580,1388,1272,1283,wave_1
2020-03-24,26,33,439,870,1363,1851,1733,1574,1656,wave_1
2020-03-25,25,41,422,914,1553,1988,1758,1716,1587,wave_1
2020-03-26,17,31,447,927,1502,1940,1793,1654,1630,wave_1
2020-03-27,11,29,413,775,1311,1778,1566,1524,1557,wave_1
2020-03-28,17,29,277,524,1035,1295,1211,1133,1428,wave_1
2020-03-29,7,19,206,405,688,888,869,833,1083,wave_1
2020-03-30,15,29,412,698,1170,1545,1287,1212,1508,wave_1
2020-03-31,16,37,427,688,1185,1469,1312,1039,1613,wave_1
2020-04-01,14,32,313,606,968,1253,1007,1045,1695,wave_1
2020-04-02,17,36,352,610,980,1207,963,916,1734,wave_1
2020-04-03,20,27,357,583,978,1306,928,833,1694,wave_1
2020-04-04,10,25,222,370,639,797,616,589,1336,wave_1
2020-04-05,10,11,139,239,392,498,404,393,1018,wave_1
2020-04-06,14,26,310,466,744,913,719,645,1474,wave_1
2020-04-07,4,30,283,459,714,904,670,613,1560,wave_1
2020-04-08,19,50,322,504,742,912,580,559,1640,wave_1
2020-04-09,6,29,268,378,575,704,487,521,1541,wave_1
2020-04-10,11,21,243,344,505,630,414,480,1687,wave_1
2020-04-11,5,20,159,220,365,438,301,380,1116,wave_1
2020-04-12,4,11,109,138,235,268,236,315,1037,wave_1
2020-04-13,10,27,191,258,399,496,309,348,1034,wave_1
2020-04-14,18,29,247,331,541,643,397,363,1315,wave_1
2020-04-15,9,16,196,318,439,528,349,367,1368,wave_1
2020-04-16,8,28,216,285,412,513,339,330,1188,wave_1
2020-04-17,11,22,190,265,444,465,266,360,1308,wave_1
2020-04-18,2,16,108,163,222,272,202,179,907,wave_1
2020-04-19,6,14,78,90,142,180,111,136,597,wave_1
2020-04-20,14,23,135,201,346,332,248,248,846,wave_1
2020-04-21,9,31,186,232,309,385,222,262,936,wave_1
2020-04-22,3,24,145,223,338,392,226,243,956,wave_1
2020-04-23,6,19,133,212,298,280,191,200,776,wave_1
2020-04-24,9,18,146,217,282,335,205,198,686,wave_1
2020-04-25,3,15,81,132,167,202,135,119,363,wave_1
2020-04-26,3,11,73,73,100,105,78,65,262,wave_1
2020-04-27,8,17,132,184,256,251,166,141,434,wave_1
2020-04-28,11,19,128,149,245,276,151,145,549,wave_1
2020-04-29,8,17,132,172,225,223,155,126,368,wave_1
2020-04-30,15,27,127,126,242,224,137,130,357,wave_1
2020-05-01,7,13,55,80,91,113,54,80,271,wave_1
2020-05-02,6,6,34,50,72,97,40,67,176,wave_1
2020-05-03,3,10,25,41,71,65,47,44,135,wave_1
2020-05-04,11,14,77,111,146,152,107,93,265,wave_1
2020-05-05,11,14,64,99,127,143,118,90,284,wave_1
2020-05-06,6,15,84,112,139,150,95,81,277,wave_1
2020-05-07,8,23,51,101,151,147,112,66,270,wave_1
2020-05-08,10,17,73,90,131,141,107,88,235,wave_1
2020-05-09,2,10,47,58,74,63,43,41,143,wave_1
2020-05-10,3,7,25,34,52,47,33,36,75,wave_1
2020-05-11,10,18,96,202,335,308,179,146,382,wave_1
2020-05-12,10,19,65,72,119,117,104,77,155,wave_1
2020-05-13,19,15,73,89,125,142,93,66,184,wave_1
2020-05-14,11,15,81,110,130,141,84,52,160,wave_1
2020-05-15,16,28,74,116,145,139,67,54,161,wave_1
2020-05-16,7,14,33,48,57,56,39,31,63,wave_1
2020-05-17,4,9,22,29,48,21,27,28,58,wave_1
2020-05-18,22,10,59,87,103,105,68,56,119,wave_1
2020-05-19,13,29,99,102,167,171,77,56,141,wave_1
2020-05-20,15,28,71,97,116,159,89,65,115,wave_1
2020-05-21,11,31,87,108,146,148,75,53,119,wave_1
2020-05-22,18,34,91,98,136,135,85,89,141,wave_1
2020-05-23,7,14,28,33,51,39,39,27,75,wave_1
2020-05-24,3,5,31,36,35,53,24,22,50,wave_1
2020-05-25,15,23,44,71,100,88,61,44,102,wave_1
2020-05-26,9,21,69,109,119,120,85,61,145,wave_1
2020-05-27,20,19,75,91,97,112,65,50,94,wave_1
2020-05-28,18,25,71,86,129,111,69,38,113,wave_1
2020-05-29,29,43,73,94,132,114,82,56,114,wave_1
2020-05-30,8,12,38,48,53,48,39,25,65,wave_1
2020-05-31,8,10,24,26,29,24,20,15,26,wave_1
2020-06-01,7,12,26,52,67,74,42,27,58,wave_1
2020-06-02,14,29,54,58,105,75,58,38,46,wave_1
2020-06-03,11,29,50,82,121,84,63,63,107,wave_1
2020-06-04,11,28,71,67,102,90,49,38,61,wave_1
2020-06-05,6,44,83,107,130,103,63,43,74,wave_1
2020-06-06,16,16,39,42,36,42,28,25,31,wave_1
2020-06-07,6,5,13,17,16,16,13,15,44,wave_1
2020-06-08,11,15,47,49,34,51,34,38,70,wave_1
2020-06-09,14,20,65,59,87,71,40,35,63,wave_1
2020-06-10,6,16,66,63,92,80,47,49,48,wave_1
2020-06-11,4,25,58,52,83,49,30,29,55,wave_1
2020-06-12,9,24,69,71,87,76,47,44,67,wave_1
2020-06-13,4,10,17,17,17,23,8,15,13,wave_1
2020-06-14,3,6,12,14,10,11,8,9,13,wave_1
2020-06-15,5,13,20,33,63,56,32,27,53,wave_1
2020-06-16,10,18,45,57,68,63,42,32,67,wave_1
2020-06-17,11,26,43,57,56,46,32,45,48,wave_1
2020-06-18,9,28,56,49,63,71,35,30,48,wave_1
2020-06-19,9,24,58,51,58,46,36,30,38,wave_1
2020-06-20,8,24,28,45,41,32,16,17,21,wave_1
2020-06-21,12,12,21,23,30,33,10,8,19,wave_1
2020-06-22,15,24,42,35,40,33,29,13,18,wave_2
2020-06-23,20,41,56,81,69,69,45,28,43,wave_2
2020-06-24,20,46,55,60,48,40,24,26,27,wave_2
2020-06-25,20,38,51,55,64,62,39,24,24,wave_2
2020-06-26,22,37,66,77,86,73,50,34,34,wave_2
2020-06-27,16,32,44,39,43,34,15,17,24,wave_2
2020-06-28,11,20,31,36,40,17,13,11,12,wave_2
2020-06-29,13,17,38,49,51,39,30,25,23,wave_2
2020-06-30,16,37,70,70,75,72,44,32,40,wave_2
2020-07-01,25,42,66,75,99,63,39,22,28,wave_2
2020-07-02,15,49,77,83,92,61,50,40,29,wave_2
2020-07-03,27,39,103,120,112,86,45,34,30,wave_2
2020-07-04,17,19,48,50,59,34,29,19,33,wave_2
2020-07-05,10,21,44,34,37,37,7,11,9,wave_2
2020-07-06,17,19,51,69,56,53,44,21,18,wave_2
2020-07-07,43,47,136,114,146,112,57,25,42,wave_2
2020-07-08,38,41,156,145,135,117,59,33,33,wave_2
2020-07-09,49,69,164,143,162,110,65,49,51,wave_2
2020-07-10,72,72,238,215,229,131,92,65,55,wave_2
2020-07-11,32,66,127,105,128,80,36,23,21,wave_2
2020-07-12,35,32,67,69,68,55,34,20,15,wave_2
2020-07-13,57,62,152,172,170,104,59,54,61,wave_2
2020-07-14,64,81,246,295,247,170,87,58,76,wave_2
2020-07-15,96,147,311,271,268,200,110,68,114,wave_2
2020-07-16,94,148,349,307,297,182,111,71,75,wave_2
2020-07-17,126,233,482,389,358,230,114,85,105,wave_2
2020-07-18,87,197,355,232,238,178,108,68,91,wave_2
2020-07-19,71,155,287,225,154,104,63,41,45,wave_2
2020-07-20,103,142,387,297,254,201,114,38,81,wave_2
2020-07-21,159,244,545,434,385,275,149,69,78,wave_2
2020-07-22,146,221,521,455,386,304,149,74,82,wave_2
2020-07-23,171,285,505,417,382,284,137,95,82,wave_2
2020-07-24,232,293,638,526,467,300,157,90,127,wave_2
2020-07-25,140,173,412,276,252,200,128,60,64,wave_2
2020-07-26,103,148,260,242,233,150,94,63,66,wave_2
2020-07-27,137,175,395,376,343,245,144,103,113,wave_2
2020-07-28,216,301,592,477,475,386,193,97,163,wave_2
2020-07-29,246,309,652,555,509,353,211,121,232,wave_2
2020-07-30,259,362,714,605,558,416,225,118,198,wave_2
2020-07-31,314,399,771,719,637,447,241,150,175,wave_2
2020-08-01,243,317,592,526,489,388,221,116,153,wave_2
2020-08-02,119,152,368,347,316,210,139,84,103,wave_2
2020-08-03,224,265,532,478,425,331,208,135,193,wave_2
2020-08-04,346,435,887,796,755,553,289,171,197,wave_2
2020-08-05,292,426,876,808,686,544,301,176,210,wave_2
2020-08-06,347,426,995,905,854,615,305,199,241,wave_2
2020-08-07,450,562,1160,1017,939,656,430,240,274,wave_2
2020-08-08,287,335,678,601,566,443,260,146,191,wave_2
2020-08-09,203,229,551,478,406,325,202,114,123,wave_2
2020-08-10,291,345,757,674,661,435,301,180,280,wave_2
2020-08-11,459,582,1149,1090,1027,778,435,283,384,wave_2
2020-08-12,497,633,1273,1126,1123,785,411,260,317,wave_2
2020-08-13,537,654,1406,1310,1187,852,489,290,355,wave_2
2020-08-14,655,836,1654,1513,1389,1129,569,314,336,wave_2
2020-08-15,353,488,966,872,817,583,334,191,214,wave_2
2020-08-16,242,337,631,559,511,423,285,162,138,wave_2
2020-08-17,335,453,962,857,874,615,383,236,269,wave_2
2020-08-18,630,811,1667,1488,1445,1102,679,341,359,wave_2
2020-08-19,652,860,1662,1526,1452,1120,664,379,364,wave_2
2020-08-20,657,883,1782,1614,1516,1122,655,368,437,wave_2
2020-08-21,857,1062,2019,1937,1683,1297,785,435,438,wave_2
2020-08-22,410,606,1200,1079,991,797,443,278,242,wave_2
2020-08-23,268,383,787,759,730,613,333,194,209,wave_2
2020-08-24,353,533,1140,1083,1058,802,498,295,288,wave_2
2020-08-25,758,1033,1949,1802,1780,1336,793,437,434,wave_2
2020-08-26,725,1063,1864,1842,1837,1334,783,452,419,wave_2
2020-08-27,802,1031,1970,1811,1672,1431,759,412,454,wave_2
2020-08-28,973,1258,2079,2101,2020,1553,939,564,479,wave_2
2020-08-29,480,665,1195,1158,1063,993,553,363,411,wave_2
2020-08-30,352,479,883,862,850,741,449,304,262,wave_2
2020-08-31,464,664,1035,1150,1129,930,566,346,358,wave_2
2020-09-01,792,1133,1703,1795,1847,1456,841,506,444,wave_2
2020-09-02,735,1045,1811,1714,1866,1501,911,535,615,wave_2
2020-09-03,800,1174,1742,1795,1829,1559,917,574,607,wave_2
2020-09-04,1145,1403,1988,2148,2268,1842,1153,646,617,wave_2
2020-09-05,597,825,1134,1225,1287,1170,693,469,490,wave_2
2020-09-06,373,489,836,885,911,774,518,328,382,wave_2
2020-09-07,479,665,1030,1093,1268,991,628,419,482,wave_2
2020-09-08,954,1245,1667,1928,2127,1742,1028,642,645,wave_2
2020-09-09,1103,1356,1903,1968,2263,1869,1109,659,600,wave_2
2020-09-10,1193,1383,1973,2007,2200,1847,1081,695,671,wave_2
2020-09-11,1295,1516,2062,2230,2422,2005,1234,833,830,wave_2
2020-09-12,721,836,1235,1195,1451,1147,742,490,499,wave_2
2020-09-13,515,622,881,956,1170,903,626,342,377,wave_2
2020-09-14,703,859,1130,1186,1406,1198,771,475,482,wave_2
2020-09-15,1415,1351,1959,2151,2448,1855,1203,738,731,wave_2
2020-09-16,1368,1436,1990,2116,2462,2013,1246,738,684,wave_2
2020-09-17,1366,1512,1954,2226,2227,1863,1178,698,765,wave_2
2020-09-18,1888,1832,2376,2491,2775,2227,1361,858,921,wave_2
2020-09-19,827,850,1112,1199,1411,1158,787,503,470,wave_2
2020-09-20,531,597,751,861,994,841,538,335,403,wave_2
2020-09-21,704,783,1133,1208,1413,1120,725,479,461,wave_2
2020-09-22,1232,1420,1786,1908,2144,1774,1153,699,699,wave_2
2020-09-23,1253,1490,1782,1839,2142,1723,1093,706,734,wave_2
2020-09-24,1281,1428,1755,1850,2227,1663,1059,668,726,wave_2
2020-09-25,1313,1710,1927,2056,2248,1795,1100,688,704,wave_2
2020-09-26,658,912,1073,1087,1296,1041,688,426,468,wave_2
2020-09-27,403,611,688,692,909,696,467,270,295,wave_2
2020-09-28,620,770,941,1012,1231,1014,614,393,450,wave_2
2020-09-29,965,1363,1577,1644,1952,1596,975,556,709,wave_2
2020-09-30,891,1437,1652,1627,1928,1512,945,591,628,wave_2
2020-10-01,843,1472,1695,1571,1871,1615,888,551,572,wave_2
2020-10-02,977,1557,1871,1690,2068,1746,1111,644,746,wave_2
2020-10-03,477,850,1056,943,1135,962,652,380,437,wave_2
2020-10-04,341,667,704,714,833,793,479,272,340,wave_2
2020-10-05,634,1146,1188,1192,1566,1358,786,498,557,wave_2
2020-10-06,874,1525,1648,1702,2089,1816,1127,674,793,wave_2
2020-10-07,789,1621,1839,1744,2067,1850,1104,650,777,wave_2
2020-10-08,871,1836,2214,1933,2176,1996,1163,743,935,wave_2
2020-10-09,1011,2002,2199,2047,2392,2147,1310,732,947,wave_2
2020-10-10,527,1035,1296,1164,1423,1352,775,568,593,wave_2
2020-10-11,373,791,915,917,1119,1027,710,402,510,wave_2
2020-10-12,295,734,906,821,1076,1044,645,384,424,wave_2
2020-10-13,684,1524,1780,1713,2221,1964,1117,716,694,wave_2
2020-10-14,957,2149,2332,2248,2803,2513,1486,902,1015,wave_2
2020-10-15,1074,2313,2572,2387,2924,2634,1518,990,1101,wave_2
2020-10-16,1100,2568,2701,2438,3184,2703,1644,1012,942,wave_2
2020-10-17,633,1430,1783,1559,1994,1847,1170,749,779,wave_2
2020-10-18,450,961,1083,1096,1384,1334,802,513,610,wave_2
2020-10-19,908,2025,2148,2178,2713,2422,1451,913,948,wave_2
2020-10-20,1315,2779,2802,2799,3532,3222,1895,1208,1350,wave_2
2020-10-21,1320,3109,3252,3107,3833,3441,2189,1370,1596,wave_2
2020-10-22,1366,3075,3515,3287,3927,3444,2147,1385,1654,wave_2
2020-10-23,1506,3270,3610,3348,4148,3621,2341,1481,1676,wave_2
2020-10-24,914,1906,2071,2103,2539,2342,1568,991,980,wave_2
2020-10-25,650,1301,1436,1470,1853,1751,1124,736,908,wave_2
2020-10-26,1058,2471,2666,2783,3565,3079,1978,1192,1184,wave_2
2020-10-27,1490,3089,3202,3322,4252,3651,2317,1470,1485,wave_2
2020-10-28,1477,3116,3243,3252,4139,3785,2360,1555,1651,wave_2
2020-10-29,1537,3046,3212,3255,3976,3510,2343,1477,1769,wave_2
2020-10-30,1484,3178,3306,3223,4213,3786,2444,1555,1697,wave_2
2020-10-31,981,1868,2047,1978,2635,2484,1625,1125,1248,wave_2
2020-11-01,668,1177,1270,1459,1871,1700,1058,795,973,wave_2
2020-11-02,856,1853,1890,1987,2679,2354,1630,1027,1243,wave_2
2020-11-03,1293,2623,2789,2974,3952,3466,2174,1329,1481,wave_2
2020-11-04,1496,2907,2994,3242,4059,3795,2348,1496,1821,wave_2
2020-11-05,1530,2810,3035,3055,3970,3600,2342,1512,1731,wave_2
2020-11-06,1551,2988,2917,2976,3966,3545,2332,1561,1701,wave_2
2020-11-07,947,1655,1803,1858,2387,2248,1471,1023,1179,wave_2
2020-11-08,553,1084,1134,1267,1621,1543,1068,722,840,wave_2
2020-11-09,1026,1951,1931,2131,2918,2735,1708,1029,1126,wave_2
2020-11-10,1309,2591,2443,2632,3409,3108,2111,1351,1644,wave_2
2020-11-11,1323,2481,2386,2583,3362,3118,2045,1285,1431,wave_2
2020-11-12,1265,2333,2347,2458,3117,2915,1885,1243,1623,wave_2
2020-11-13,1240,2246,2255,2276,3167,2915,1813,1206,1309,wave_2
2020-11-14,729,1283,1230,1356,1746,1549,1139,739,811,wave_2
2020-11-15,395,724,757,896,1158,1050,682,475,538,wave_2
2020-11-16,824,1444,1492,1718,2218,2027,1257,865,972,wave_2
2020-11-17,1070,1872,1943,2010,2744,2382,1555,1089,1213,wave_2
2020-11-18,962,1806,1763,1925,2546,2246,1433,964,1157,wave_2
2020-11-19,985,1629,1583,1705,2177,1943,1325,865,991,wave_2
2020-11-20,937,1634,1521,1610,2101,1826,1275,784,956,wave_2
2020-11-21,519,818,839,905,1225,1084,718,515,617,wave_2
2020-11-22,335,494,479,592,793,667,449,344,459,wave_2
2020-11-23,575,1032,1069,1238,1650,1439,869,606,677,wave_2
2020-11-24,776,1153,1324,1422,1891,1718,1076,688,894,wave_2
2020-11-25,688,1154,1191,1304,1701,1415,968,698,896,wave_2
2020-11-26,649,1116,1202,1251,1615,1379,907,670,846,wave_2
2020-11-27,735,1186,1165,1265,1664,1482,931,647,834,wave_2
2020-11-28,373,570,673,709,922,804,544,401,487,wave_2
2020-11-29,200,352,389,436,592,507,292,245,385,wave_2
2020-11-30,510,788,898,1002,1380,1116,720,459,553,wave_2
2020-12-01,650,1107,1057,1260,1568,1389,977,607,897,wave_2
2020-12-02,652,1075,1094,1245,1450,1328,839,551,681,wave_2
2020-12-03,672,935,959,1098,1375,1188,794,525,620,wave_2
2020-12-04,642,1008,1054,1157,1417,1170,822,547,618,wave_2
2020-12-05,394,602,556,667,846,754,470,316,359,wave_2
2020-12-06,244,367,365,435,585,465,311,218,288,wave_2
2020-12-07,296,508,591,724,939,756,533,395,501,wave_3
2020-12-08,270,384,472,572,714,625,380,266,366,wave_3
2020-12-09,509,934,1030,1187,1576,1235,744,546,673,wave_3
2020-12-10,721,1255,1397,1456,1818,1610,1062,635,817,wave_3
2020-12-11,795,1298,1539,1622,1892,1617,1102,682,788,wave_3
2020-12-12,436,723,864,916,1142,967,645,443,460,wave_3
2020-12-13,226,435,548,640,773,613,399,283,327,wave_3
2020-12-14,567,1061,1308,1402,1791,1526,1001,670,588,wave_3
2020-12-15,824,1346,1561,1703,1967,1824,1180,806,977,wave_3
2020-12-16,751,1277,1602,1584,1952,1697,1177,816,905,wave_3
2020-12-17,752,1271,1463,1603,1854,1609,1061,671,698,wave_3
2020-12-18,832,1399,1714,1677,2080,1872,1183,772,687,wave_3
2020-12-19,488,825,864,1007,1210,984,691,416,442,wave_3
2020-12-20,264,412,503,655,781,679,456,306,323,wave_3
2020-12-21,677,1166,1489,1567,1973,1679,1106,690,665,wave_3
2020-12-22,890,1370,1804,1888,2298,2029,1356,851,941,wave_3
2020-12-23,922,1551,2071,2096,2594,2204,1424,836,831,wave_3
2020-12-24,679,1106,1425,1436,1715,1506,899,591,631,wave_3
2020-12-25,283,472,662,691,858,735,468,332,311,wave_3
2020-12-26,356,613,874,891,1147,1054,639,424,431,wave_3
2020-12-27,332,518,887,855,993,939,558,420,462,wave_3
2020-12-28,774,1464,2168,2269,2697,2442,1447,1008,842,wave_3
2020-12-29,1078,2019,2724,2817,3327,2847,1852,1227,1084,wave_3
2020-12-30,1326,2189,3260,3155,3459,3153,2060,1308,1182,wave_3
2020-12-31,978,1724,2385,2303,2558,2254,1442,980,960,wave_3
2021-01-01,433,703,1082,1088,1290,1201,805,489,570,wave_3
2021-01-02,483,983,1627,1554,1769,1683,1102,655,676,wave_3
2021-01-03,497,925,1535,1513,1658,1515,998,658,668,wave_3
2021-01-04,996,2099,3711,3304,3768,3549,2181,1357,1216,wave_3
2021-01-05,1776,3262,4928,4539,5031,4754,2971,1796,1703,wave_3
2021-01-06,823,1478,2391,2106,2386,2187,1449,880,928,wave_3
2021-01-07,1288,2798,4449,3953,4538,4194,2560,1552,1474,wave_3
2021-01-08,1939,3603,5141,4632,5491,5145,3211,1884,1842,wave_3
2021-01-09,1210,2100,2946,2829,3125,2987,1824,1123,1179,wave_3
2021-01-10,741,1325,2058,2048,2362,2183,1342,936,954,wave_3
2021-01-11,1763,3278,4704,4823,5622,5287,3149,1995,1913,wave_3
2021-01-12,2226,3945,5392,5313,6189,5909,3787,2366,2262,wave_3
2021-01-13,2432,4260,5452,5492,6432,6118,3951,2487,2389,wave_3
2021-01-14,2549,4173,5496,5317,6315,6071,3905,2346,2244,wave_3
2021-01-15,2976,4886,5779,5948,7039,6731,4390,2716,2535,wave_3
2021-01-16,1708,2644,3167,3356,4059,4081,2623,1644,1751,wave_3
2021-01-17,1291,1841,2217,2432,3185,3046,2033,1288,1334,wave_3
2021-01-18,2244,3414,4325,4966,6305,6043,3867,2428,2217,wave_3
2021-01-19,3087,4648,5205,5644,7368,6741,4386,2759,2657,wave_3
2021-01-20,3096,4796,5026,5612,7140,6573,4274,2758,2700,wave_3
2021-01-21,3272,4767,4837,5439,6958,6276,4131,2587,2623,wave_3
2021-01-22,3556,4934,4919,5725,7104,6538,4169,2697,2632,wave_3
2021-01-23,1987,2671,2678,3036,4030,3698,2451,1654,1637,wave_3
2021-01-24,1355,1838,1829,2402,3007,2744,1787,1223,1163,wave_3
2021-01-25,2385,3574,3656,4449,5894,5343,3267,2149,2113,wave_3
2021-01-26,3148,4389,4210,4935,6457,5795,3846,2418,2334,wave_3
2021-01-27,3207,4422,3926,4561,6144,5518,3666,2255,2161,wave_3
2021-01-28,3005,4172,3760,4333,5660,5111,3326,2117,1928,wave_3
2021-01-29,3103,4143,3512,4095,5495,4925,3221,1987,1921,wave_3
2021-01-30,1756,2325,1909,2328,3070,2769,1838,1157,1078,wave_3
2021-01-31,1022,1403,1229,1537,2118,1776,1206,779,695,wave_3
2021-02-01,1888,2641,2478,3081,4119,3455,2240,1379,1311,wave_3
2021-02-02,2650,3298,2779,3268,4405,3820,2593,1723,1573,wave_3
2021-02-03,2304,3165,2652,3030,4044,3522,2303,1460,1401,wave_3
2021-02-04,1998,2881,2284,2774,3605,3090,2040,1309,1212,wave_3
2021-02-05,2139,2796,2057,2548,3411,2866,2036,1210,1176,wave_3
2021-02-06,1003,1301,1127,1280,1821,1544,1028,628,623,wave_3
2021-02-07,544,745,639,821,1069,924,603,378,394,wave_3
2021-02-08,1236,1761,1443,1868,2544,2057,1305,859,764,wave_3
2021-02-09,1546,2062,1659,2031,2668,2227,1440,928,848,wave_3
2021-02-10,1350,1890,1488,1744,2277,1895,1227,789,753,wave_3
2021-02-11,1182,1607,1299,1595,2112,1641,1135,734,591,wave_3
2021-02-12,1214,1635,1276,1568,2039,1640,1061,686,632,wave_3
2021-02-13,607,744,601,786,948,858,509,360,347,wave_3
2021-02-14,347,430,351,455,673,551,320,241,222,wave_3
2021-02-15,769,1128,1058,1235,1573,1309,839,512,468,wave_3
2021-02-16,972,1360,1122,1319,1757,1376,902,568,518,wave_3
2021-02-17,874,1250,1051,1139,1555,1147,722,442,481,wave_3
2021-02-18,769,1138,962,1047,1443,1209,711,511,426,wave_3
2021-02-19,883,1103,883,1131,1402,1031,694,469,395,wave_3
2021-02-20,399,520,429,559,684,579,401,257,204,wave_3
2021-02-21,241,320,277,352,543,382,231,187,149,wave_3
2021-02-22,610,905,756,947,1319,971,617,379,352,wave_3
2021-02-23,703,1056,862,1033,1280,1038,662,425,345,wave_3
2021-02-24,597,924,782,887,1195,876,567,368,305,wave_3
2021-02-25,587,884,757,837,1097,840,568,348,280,wave_3
2021-02-26,604,900,806,842,1164,889,615,373,301,wave_3
2021-02-27,268,439,334,441,614,468,307,198,153,wave_3
2021-02-28,201,263,250,319,406,336,231,131,112,wave_3
2021-03-01,460,748,668,665,975,817,489,335,254,wave_3
2021-03-02,514,859,795,802,980,864,514,323,255,wave_3
2021-03-03,569,798,810,804,1050,853,501,335,268,wave_3
2021-03-04,544,740,731,781,916,808,544,329,256,wave_3
2021-03-05,534,753,754,767,1002,828,536,312,282,wave_3
2021-03-06,235,351,349,386,533,435,278,156,160,wave_3
2021-03-07,174,202,210,299,402,315,204,152,105,wave_3
2021-03-08,406,666,647,686,953,814,472,282,231,wave_3
2021-03-09,510,789,713,753,993,874,511,339,222,wave_3
2021-03-10,508,799,707,796,938,800,477,289,231,wave_3
2021-03-11,530,724,688,753,955,736,466,289,261,wave_3
2021-03-12,586,809,694,789,987,861,528,320,289,wave_3
2021-03-13,250,333,366,382,523,412,276,168,136,wave_3
2021-03-14,183,193,235,291,391,267,212,113,107,wave_3
2021-03-15,467,686,692,820,1041,844,507,328,236,wave_4
2021-03-16,536,875,814,838,1015,900,573,337,256,wave_4
2021-03-17,520,807,766,829,1041,815,544,303,256,wave_4
2021-03-18,582,926,824,911,1129,891,569,371,225,wave_4
2021-03-19,440,640,568,635,822,692,430,286,211,wave_4
2021-03-20,227,402,341,402,516,486,288,179,118,wave_4
2021-03-21,156,302,245,315,460,373,233,117,115,wave_4
2021-03-22,474,765,758,942,1112,960,582,357,248,wave_4
2021-03-23,585,1052,911,1103,1287,1058,696,453,298,wave_4
2021-03-24,600,999,971,980,1198,933,674,389,233,wave_4
2021-03-25,600,984,1133,1061,1192,1051,679,414,259,wave_4
2021-03-26,658,1057,970,1132,1372,1070,707,464,273,wave_4
2021-03-27,316,470,537,599,759,665,385,263,161,wave_4
2021-03-28,197,348,372,401,548,475,295,197,144,wave_4
2021-03-29,544,885,982,1011,1286,1202,721,502,306,wave_4
2021-03-30,636,1021,1099,1099,1530,1286,808,486,307,wave_4
2021-03-31,676,1122,1392,1238,1560,1354,856,539,325,wave_4
2021-04-01,414,711,771,783,1011,861,639,345,214,wave_4
2021-04-02,278,478,507,556,688,639,371,221,152,wave_4
2021-04-03,280,528,650,654,828,765,455,301,159,wave_4
2021-04-04,264,490,519,568,801,733,478,275,168,wave_4
2021-04-05,448,926,1068,1147,1414,1283,755,499,222,wave_4
2021-04-06,803,1380,1577,1472,1955,1736,1010,696,323,wave_4
2021-04-07,799,1472,1636,1487,1818,1541,1028,570,337,wave_4
2021-04-08,782,1544,1665,1382,1751,1565,879,582,291,wave_4
2021-04-09,791,1537,1602,1454,1706,1581,1016,636,286,wave_4
2021-04-10,434,751,831,787,945,892,540,330,185,wave_4
2021-04-11,258,429,541,577,716,621,429,256,155,wave_4
2021-04-12,590,1198,1314,1301,1590,1418,861,535,261,wave_4
2021-04-13,781,1340,1501,1391,1731,1606,988,585,304,wave_4
2021-04-14,818,1484,1539,1450,1762,1514,929,586,288,wave_4
2021-04-15,779,1389,1472,1320,1609,1417,992,542,272,wave_4
2021-04-16,988,1437,1404,1406,1724,1404,912,566,282,wave_4
2021-04-17,488,702,707,686,892,859,541,350,145,wave_4
2021-04-18,320,507,492,486,749,644,379,247,128,wave_4
2021-04-19,732,1131,1156,1231,1628,1356,789,523,225,wave_4
2021-04-20,934,1524,1443,1461,1842,1661,935,595,294,wave_4
2021-04-21,828,1491,1373,1372,1712,1428,844,513,259,wave_4
2021-04-22,887,1431,1382,1373,1748,1404,818,536,207,wave_4
2021-04-23,889,1620,1426,1375,1719,1410,779,532,235,wave_4
2021-04-24,457,702,662,666,917,790,420,310,135,wave_4
2021-04-25,338,483,483,539,703,615,341,264,97,wave_4
2021-04-26,713,1149,1180,1259,1686,1392,781,502,209,wave_4
2021-04-27,850,1420,1335,1362,1765,1434,813,550,228,wave_4
2021-04-28,832,1396,1377,1309,1634,1311,737,473,209,wave_4
2021-04-29,813,1256,1278,1263,1573,1291,738,455,212,wave_4
2021-04-30,894,1311,1221,1241,1643,1317,752,466,174,wave_4
2021-05-01,376,520,495,546,700,664,330,201,98,wave_4
2021-05-02,255,402,418,439,598,508,271,170,74,wave_4
2021-05-03,506,825,758,841,1157,933,526,335,141,wave_4
2021-05-04,688,1142,1034,1040,1405,1116,586,413,146,wave_4
2021-05-05,764,1153,1123,1163,1421,1179,623,349,137,wave_4
2021-05-06,665,1028,1019,1034,1311,937,526,322,140,wave_4
2021-05-07,740,1056,1038,1102,1359,1155,590,351,129,wave_4
2021-05-08,319,447,488,503,686,523,280,139,64,wave_4
2021-05-09,199,298,287,345,497,393,232,129,59,wave_4
2021-05-10,489,716,787,942,1188,1007,485,285,116,wave_4
2021-05-11,498,857,841,921,1105,953,452,265,113,wave_4
2021-05-12,503,929,914,860,1115,891,401,240,91,wave_4
2021-05-13,501,832,890,853,1070,808,411,221,92,wave_4
2021-05-14,605,811,848,927,1108,891,469,218,89,wave_4
2021-05-15,245,367,417,428,527,479,248,91,63,wave_4
2021-05-16,193,314,296,349,442,350,154,72,43,wave_4
2021-05-17,409,691,732,837,1047,812,365,157,92,wave_4
2021-05-18,524,860,919,900,1189,901,415,159,95,wave_4
2021-05-19,460,828,853,830,1033,812,369,141,82,wave_4
2021-05-20,483,830,867,878,1031,760,398,128,82,wave_4
2021-05-21,512,832,882,890,1102,833,361,147,86,wave_4
2021-05-22,211,363,455,397,571,405,186,77,43,wave_4
2021-05-23,153,270,315,321,411,316,124,46,33,wave_4
2021-05-24,357,578,661,781,979,714,304,101,66,wave_4
2021-05-25,460,849,857,838,1086,826,327,130,65,wave_4
2021-05-26,439,779,879,812,1054,776,299,132,92,wave_4
2021-05-27,437,822,879,857,1054,796,310,107,79,wave_4
2021-05-28,498,819,888,859,1030,716,311,116,91,wave_4
2021-05-29,238,467,446,459,568,442,190,59,47,wave_4
2021-05-30,139,269,299,307,427,298,132,45,36,wave_4
2021-05-31,362,689,727,786,1046,748,296,80,88,wave_4
2021-06-01,459,810,828,837,959,766,286,89,94,wave_4
2021-06-02,428,748,950,861,989,685,284,86,95,wave_4
2021-06-03,349,747,794,764,875,571,242,70,56,wave_4
2021-06-04,396,726,782,773,894,591,252,84,80,wave_4
2021-06-05,192,310,435,431,477,332,156,59,53,wave_4
2021-06-06,115,242,286,316,359,261,81,25,31,wave_4
2021-06-07,291,581,742,702,849,605,237,85,80,wave_4
2021-06-08,356,647,771,739,822,481,228,63,48,wave_4
2021-06-09,356,632,818,736,812,453,206,52,54,wave_4
2021-06-10,319,603,847,736,804,486,215,58,52,wave_4
2021-06-11,350,621,781,725,764,396,237,63,65,wave_4
2021-06-12,189,316,439,397,431,239,108,48,47,wave_4
2021-06-13,120,201,324,294,321,172,81,21,23,wave_4
2021-06-14,250,535,663,710,735,393,212,62,52,wave_4
2021-06-15,344,639,850,727,771,376,219,70,60,wave_4
2021-06-16,281,630,924,726,749,351,194,59,58,wave_4
2021-06-17,317,666,914,701,725,367,193,64,49,wave_4
2021-06-18,269,711,902,728,728,352,187,62,68,wave_4
2021-06-19,174,426,492,408,436,156,108,38,30,wave_4
2021-06-20,118,328,350,283,319,140,94,20,20,wave_5
2021-06-21,263,737,818,715,706,307,202,58,51,wave_5
2021-06-22,285,931,1040,854,689,306,205,64,50,wave_5
2021-06-23,312,1061,1278,957,769,326,207,61,54,wave_5
2021-06-24,233,867,1018,678,588,257,161,49,43,wave_5
2021-06-25,347,1373,1474,921,810,369,250,78,67,wave_5
2021-06-26,207,1024,941,568,518,226,159,49,62,wave_5
2021-06-27,109,802,1038,492,372,131,107,41,31,wave_5
2021-06-28,323,2088,2614,1379,895,397,293,76,68,wave_5
2021-06-29,390,2788,3790,1594,1142,497,323,95,100,wave_5
2021-06-30,411,3113,5233,2121,1129,559,332,104,111,wave_5
2021-07-01,447,3371,5520,2286,1273,608,346,121,96,wave_5
2021-07-02,578,3667,5365,2334,1461,804,486,156,123,wave_5
2021-07-03,382,2882,3415,1569,1044,508,330,94,70,wave_5
2021-07-04,236,2248,2384,1211,761,394,281,69,53,wave_5
2021-07-05,656,3996,5629,2862,1827,936,684,184,155,wave_5
2021-07-06,879,4697,7107,3606,2010,1063,765,218,166,wave_5
2021-07-07,959,4920,8315,4176,2284,1183,833,233,188,wave_5
2021-07-08,1019,4802,7911,4265,2361,1112,855,248,217,wave_5
2021-07-09,1219,5449,7949,4302,2595,1443,1008,293,305,wave_5
2021-07-10,772,3602,4671,2586,1554,805,680,219,184,wave_5
2021-07-11,559,3053,3839,2103,1289,671,480,146,169,wave_5
2021-07-12,1279,5443,7807,4952,2952,1524,1112,397,350,wave_5
2021-07-13,1458,6308,8636,5114,3128,1683,1247,478,392,wave_5
2021-07-14,1521,6312,9641,5273,3100,1812,1387,449,429,wave_5
2021-07-15,1671,6297,9218,5179,3147,1786,1320,483,471,wave_5
2021-07-16,1875,6389,8519,5114,3251,1990,1500,545,537,wave_5
2021-07-17,1153,4058,5178,3146,1994,1311,988,338,393,wave_5
2021-07-18,884,3341,3929,2553,1544,925,731,264,317,wave_5
2021-07-19,1718,6168,8089,5190,3409,2162,1688,666,711,wave_5
2021-07-20,2122,6651,8699,5375,3489,2316,1711,764,701,wave_5
2021-07-21,2286,6606,8822,5363,3407,2247,1649,750,758,wave_5
2021-07-22,2196,6457,8463,5142,3332,2303,1651,784,743,wave_5
2021-07-23,2331,6342,7658,4965,3259,2390,1720,755,790,wave_5
2021-07-24,1361,4078,4700,2818,1865,1367,1020,501,481,wave_5
2021-07-25,948,2736,3211,2058,1388,944,691,352,362,wave_5
2021-07-26,1956,5227,6330,4146,3023,2178,1473,750,716,wave_5
2021-07-27,2235,6020,7041,4562,3291,2449,1591,852,883,wave_5
2021-07-28,2165,5527,6665,4311,2995,2273,1517,819,815,wave_5
2021-07-29,2118,5427,6160,3783,2935,2165,1466,828,753,wave_5
2021-07-30,2216,5304,5976,3930,2926,2252,1574,804,801,wave_5
2021-07-31,1315,3042,3280,2163,1717,1318,933,519,514,wave_5
2021-08-01,764,2068,2127,1437,1069,866,614,331,347,wave_5
2021-08-02,1646,3849,4373,2930,2423,1925,1274,780,650,wave_5
2021-08-03,1816,4449,4802,3108,2550,2060,1380,751,735,wave_5
2021-08-04,1872,4167,4588,2972,2424,1932,1236,747,679,wave_5
2021-08-05,1758,4137,4196,2733,2272,1831,1245,727,702,wave_5
2021-08-06,1846,3836,3978,2665,2330,1799,1221,739,775,wave_5
2021-08-07,997,2284,2213,1501,1317,1129,697,454,422,wave_5
2021-08-08,700,1418,1506,1008,857,676,441,310,360,wave_5
2021-08-09,1261,2921,2856,2191,1977,1492,1036,689,689,wave_5
2021-08-10,1643,3354,3314,2337,2161,1793,1174,724,752,wave_5
2021-08-11,1398,3394,3066,2135,1953,1548,1001,654,683,wave_5
2021-08-12,1411,3053,2915,2005,1871,1456,955,628,579,wave_5
2021-08-13,1430,2801,2667,1779,1760,1360,864,589,678,wave_5
2021-08-14,761,1626,1476,1018,1089,835,519,375,366,wave_5
2021-08-15,544,1099,1050,708,709,595,341,244,285,wave_5
2021-08-16,892,1817,1749,1281,1365,1008,596,471,457,wave_5
2021-08-17,1167,2306,2102,1694,1670,1275,747,497,572,wave_5
2021-08-18,1255,2581,2065,1591,1773,1332,876,569,575,wave_5
2021-08-19,1172,2467,1889,1485,1612,1261,802,479,595,wave_5
2021-08-20,1343,2392,1831,1521,1643,1129,795,542,570,wave_5
2021-08-21,641,1403,1003,763,872,726,427,305,365,wave_5
2021-08-22,378,749,617,527,600,450,306,209,262,wave_5
2021-08-23,957,1798,1493,1282,1494,1088,748,489,482,wave_5
2021-08-24,1022,1886,1427,1264,1405,1073,708,515,575,wave_5
2021-08-25,975,1709,1346,1110,1348,960,677,484,481,wave_5
2021-08-26,910,1473,1115,1049,1229,947,586,407,473,wave_5
2021-08-27,955,1490,1156,1044,1118,924,621,399,404,wave_5
2021-08-28,420,691,519,511,608,446,320,257,257,wave_5
2021-08-29,283,390,366,339,455,331,206,155,168,wave_5
2021-08-30,644,1018,725,816,1026,756,498,371,412,wave_5
2021-08-31,790,1070,985,942,1150,862,546,405,388,wave_5
2021-09-01,615,938,732,780,941,732,455,352,412,wave_5
2021-09-02,583,844,641,683,827,621,415,291,355,wave_5
2021-09-03,585,735,625,610,775,595,427,270,300,wave_5
2021-09-04,316,386,305,375,407,324,217,164,220,wave_5
2021-09-05,196,241,218,296,308,216,146,129,160,wave_5
2021-09-06,465,485,458,591,745,565,380,265,282,wave_5
2021-09-07,585,612,531,633,768,520,399,317,351,wave_5
2021-09-08,455,444,408,507,627,478,312,247,236,wave_5
2021-09-09,456,421,452,518,601,447,320,226,263,wave_5
2021-09-10,526,481,429,511,611,423,339,229,226,wave_5
2021-09-11,247,191,201,230,290,206,144,113,106,wave_5
2021-09-12,151,124,182,177,209,152,119,84,81,wave_5
2021-09-13,452,403,386,422,562,376,289,231,232,wave_5
2021-09-14,482,403,328,467,576,399,308,213,239,wave_5
2021-09-15,434,342,320,428,438,332,247,202,156,wave_5
2021-09-16,437,349,298,398,472,328,243,175,190,wave_5
2021-09-17,473,325,309,401,459,351,267,179,176,wave_5
2021-09-18,213,131,139,218,248,171,109,79,82,wave_5
2021-09-19,133,90,105,137,147,100,78,57,52,wave_5
2021-09-20,404,246,222,318,417,303,199,138,148,wave_5
2021-09-21,420,310,272,405,459,318,237,153,145,wave_5
2021-09-22,413,253,264,374,404,263,218,163,144,wave_5
2021-09-23,383,287,252,307,376,245,222,119,114,wave_5
2021-09-24,472,255,242,366,376,246,204,151,144,wave_5
2021-09-25,193,121,105,168,250,131,121,79,64,wave_5
2021-09-26,114,93,79,105,153,84,74,58,61,wave_5
2021-09-27,384,253,218,320,438,282,203,159,192,wave_5
2021-09-28,351,264,201,283,364,282,207,130,137,wave_5
2021-09-29,294,239,206,317,309,227,223,127,91,wave_5
2021-09-30,262,188,180,268,345,232,140,126,106,wave_5
2021-10-01,269,187,178,287,316,218,176,125,105,wave_5
2021-10-02,134,79,93,123,193,151,91,62,57,wave_5
2021-10-03,87,61,72,91,125,89,65,46,52,wave_5
2021-10-04,205,169,188,253,379,264,197,114,97,wave_5
2021-10-05,210,187,167,233,326,223,201,125,125,wave_5
2021-10-06,188,168,194,253,328,205,202,121,88,wave_5
2021-10-07,207,159,178,247,275,197,167,132,96,wave_5
2021-10-08,236,174,165,229,349,196,186,133,142,wave_5
2021-10-09,103,81,92,135,150,120,85,71,55,wave_5
2021-10-10,54,41,52,70,102,75,56,46,34,wave_5
2021-10-11,207,169,163,261,376,262,216,145,173,wave_5
2021-10-12,100,58,104,114,166,94,76,73,42,wave_5
2021-10-13,182,162,158,309,362,284,184,115,106,wave_5
2021-10-14,191,186,206,304,380,278,222,148,110,wave_6
2021-10-15,234,178,199,274,373,282,223,141,108,wave_6
2021-10-16,103,82,117,186,211,150,126,81,58,wave_6
2021-10-17,80,57,80,114,162,79,91,68,43,wave_6
2021-10-18,210,192,221,275,380,300,234,176,126,wave_6
2021-10-19,238,206,196,267,373,322,220,181,97,wave_6
2021-10-20,227,181,215,345,392,281,210,145,105,wave_6
2021-10-21,224,167,194,308,328,257,220,153,137,wave_6
2021-10-22,261,178,215,306,340,263,232,178,128,wave_6
2021-10-23,147,71,94,183,201,174,143,71,53,wave_6
2021-10-24,92,49,81,114,166,111,101,71,58,wave_6
2021-10-25,217,179,203,296,439,316,271,201,126,wave_6
2021-10-26,256,189,177,277,396,300,223,188,102,wave_6
2021-10-27,239,189,212,305,383,283,220,170,118,wave_6
2021-10-28,243,211,199,299,376,274,262,183,123,wave_6
2021-10-29,293,209,221,389,449,308,276,183,103,wave_6
2021-10-30,147,114,134,197,267,176,152,94,83,wave_6
2021-10-31,81,62,66,136,188,152,121,81,64,wave_6
2021-11-01,100,72,75,119,236,144,118,81,64,wave_6
2021-11-02,360,221,262,394,556,373,331,216,157,wave_6
2021-11-03,357,278,255,411,555,379,321,224,156,wave_6
2021-11-04,359,285,255,422,637,344,328,227,145,wave_6
2021-11-05,348,326,287,427,611,426,346,262,150,wave_6
2021-11-06,265,171,161,261,317,237,181,157,84,wave_6
2021-11-07,128,79,97,186,244,167,133,110,66,wave_6
2021-11-08,369,279,301,481,727,445,389,275,177,wave_6
2021-11-09,420,353,363,597,737,521,384,285,165,wave_6
2021-11-10,465,382,351,547,770,506,369,320,177,wave_6
2021-11-11,483,401,390,649,845,579,466,341,181,wave_6
2021-11-12,629,490,402,675,930,630,558,389,199,wave_6
2021-11-13,312,238,253,402,572,447,340,202,135,wave_6
2021-11-14,272,201,192,301,386,298,248,155,86,wave_6
2021-11-15,679,496,452,727,1193,782,608,434,213,wave_6
2021-11-16,835,637,515,806,1218,904,712,425,266,wave_6
2021-11-17,756,637,502,870,1320,906,746,472,248,wave_6
2021-11-18,869,648,581,976,1313,936,815,482,229,wave_6
2021-11-19,1015,739,633,1064,1519,1010,907,574,278,wave_6
2021-11-20,615,400,337,626,902,592,540,311,154,wave_6
2021-11-21,411,271,217,416,655,439,359,231,156,wave_6
2021-11-22,988,822,603,1097,1677,1130,928,574,312,wave_6
2021-11-23,1271,925,695,1209,1809,1229,1011,657,310,wave_6
2021-11-24,1230,1005,862,1288,1925,1250,1118,657,303,wave_6
2021-11-25,1255,1026,868,1387,2003,1285,1159,620,306,wave_6
2021-11-26,1537,1157,912,1488,2180,1521,1257,692,312,wave_6
2021-11-27,969,699,565,886,1360,911,791,406,185,wave_6
2021-11-28,641,383,363,652,947,580,535,271,163,wave_6
2021-11-29,1570,1146,857,1641,2424,1556,1389,647,310,wave_6
2021-11-30,1955,1393,1155,1764,2662,1768,1572,660,377,wave_6
2021-12-01,1955,1458,1287,2036,2997,1889,1617,748,383,wave_6
2021-12-02,2197,1643,1352,2194,3235,1998,1828,755,411,wave_6
2021-12-03,2252,1632,1417,2336,3289,2226,1881,763,393,wave_6
2021-12-04,1580,1198,950,1564,2227,1513,1288,520,277,wave_6
2021-12-05,1076,730,598,1113,1565,1090,967,348,193,wave_6
2021-12-06,1077,712,693,1176,1677,1114,1015,339,231,wave_6
2021-12-07,2471,1675,1561,2571,4033,2557,2188,817,426,wave_6
2021-12-08,1491,1163,1218,1859,2526,1713,1363,476,264,wave_6
2021-12-09,2518,2138,2237,3309,4727,2917,2326,815,409,wave_6
2021-12-10,3373,2633,2899,3992,5686,3457,2804,961,550,wave_6
2021-12-11,2037,1598,2056,2574,3356,2308,1894,615,345,wave_6
2021-12-12,1507,1278,1680,2083,2677,1737,1330,464,237,wave_6
2021-12-13,2636,2734,3885,4473,5769,3744,2713,879,536,wave_6
2021-12-14,3160,3252,5880,5557,6364,4092,2890,930,589,wave_6
2021-12-15,3295,3649,7453,7133,6873,4537,3036,963,588,wave_6
2021-12-16,3411,3779,7557,7503,7566,4944,3074,929,642,wave_6
2021-12-17,4182,4634,8151,8425,8368,5855,3484,1049,643,wave_6
2021-12-18,2878,2839,4316,4810,5173,3704,2113,700,403,wave_6
2021-12-19,2348,2401,3753,3921,4495,3184,1605,500,364,wave_6
2021-12-20,4974,5930,9068,10136,11499,7869,4002,1186,750,wave_6
2021-12-21,6596,8054,13711,14367,14987,10042,4626,1523,902,wave_6
2021-12-22,6916,9179,16721,17058,17629,11576,5033,1623,1076,wave_6
2021-12-23,8096,10645,18154,18236,19803,13334,5749,2076,1355,wave_6
2021-12-24,6501,8851,13302,13299,15412,10939,4671,1736,1049,wave_6
2021-12-25,4375,5743,7753,7932,9660,7168,2904,1131,712,wave_6
2021-12-26,4290,6446,8575,8892,11231,8292,3199,1231,844,wave_6
2021-12-27,8798,13115,18897,19840,24906,18787,7425,3165,2053,wave_6
2021-12-28,10170,15908,23625,23490,28697,21252,8855,4144,2642,wave_6
2021-12-29,10846,17665,26295,25069,30317,22698,9610,4790,3272,wave_6
2021-12-30,11225,17766,24609,24233,29729,22532,9479,5137,3502,wave_6
2021-12-31,7910,12868,17241,17070,21551,16099,6789,3637,2661,wave_6
2022-01-01,4549,7019,9093,9514,12217,9665,3877,2014,1649,wave_6
2022-01-02,4920,8533,10998,11700,15259,11860,4431,2428,1745,wave_6
2022-01-03,9896,16456,23281,24824,31087,23911,9237,5054,3855,wave_6
2022-01-04,11371,19501,28026,28356,34162,25864,10142,5964,4678,wave_6
2022-01-05,11453,19267,26408,27001,33439,24911,10169,6267,4752,wave_6
2022-01-06,5646,9001,11526,12860,16110,11705,4535,2818,2322,wave_6
2022-01-07,11368,17427,21108,25081,32121,23244,9344,5803,5027,wave_6
2022-01-08,7459,11003,12492,15334,19772,13671,5557,3711,2985,wave_6
2022-01-09,8029,12174,12226,15710,20646,13756,5123,3047,2644,wave_6
2022-01-10,14623,22547,23133,29221,37999,26051,10423,6734,5604,wave_6
2022-01-11,15600,23384,22456,28208,35731,23626,10307,6859,5994,wave_6
2022-01-12,15641,22843,20561,26273,32835,21238,9484,6266,5897,wave_6
2022-01-13,16648,21155,18288,24302,30011,19270,8692,6039,5669,wave_6
2022-01-14,17981,19242,15241,20809,26040,16747,7733,5656,5155,wave_6
2022-01-15,13165,12713,8693,13282,16340,10122,4852,3469,3198,wave_6
2022-01-16,13099,11583,6930,12032,15355,8270,3742,2450,2344,wave_6
2022-01-17,25061,22971,14827,24549,31092,17908,8343,5679,5777,wave_6
2022-01-18,24577,22447,14226,24102,29536,15521,7579,5427,5476,wave_6
2022-01-19,22393,20932,13768,24153,29454,14257,7276,5062,4885,wave_6
2022-01-20,22091,19225,12597,22047,27357,12851,6919,4923,4713,wave_6
2022-01-21,23216,18197,11264,20379,25205,12239,6942,5026,5108,wave_6
2022-01-22,13598,10875,6117,11796,14208,6622,4007,2929,2750,wave_6
2022-01-23,12976,10485,5165,10837,13544,5881,3247,2209,2268,wave_6
2022-01-24,22592,19361,11213,21675,26796,12254,6958,5304,5177,wave_6
2022-01-25,19476,18088,10856,20016,23746,10507,6292,4734,4895,wave_6
2022-01-26,16568,16402,10917,18980,22610,9631,6101,4529,4361,wave_6
2022-01-27,14712,13750,8959,15588,18850,8444,5433,4170,3989,wave_6
2022-01-28,13470,12151,7933,13373,16652,7835,5270,4122,3895,wave_6
2022-01-29,7539,7042,4178,7264,9190,4391,3118,2289,2028,wave_6
2022-01-30,6480,6506,3453,6205,7842,3739,2332,1646,1739,wave_6
2022-01-31,11789,12447,7589,12562,15928,7527,5102,3775,4009,wave_6
2022-02-01,9850,11815,8038,11087,13255,6657,4448,3420,3682,wave_6
2022-02-02,8166,10873,7955,10549,12526,6140,4159,3182,3176,wave_6
2022-02-03,6983,9079,6861,9064,10948,5627,3685,3013,3185,wave_6
2022-02-04,6658,7857,5949,8028,9899,5466,3831,2863,3095,wave_6
2022-02-05,3507,4333,2933,3922,5214,2960,1955,1634,1595,wave_6
2022-02-06,3089,4176,2406,3192,4324,2555,1651,1139,1272,wave_6
2022-02-07,5958,8187,5912,7892,10042,5636,3786,2794,3129,wave_6
2022-02-08,5178,7485,5778,6823,8430,4803,3186,2322,2814,wave_6
2022-02-09,4339,7009,5673,6356,7719,4531,2822,2197,2334,wave_6
2022-02-10,3733,5580,5026,5695,6705,3849,2652,2080,2251,wave_6
2022-02-11,3465,4718,3997,4705,5964,3607,2461,2020,2089,wave_6
2022-02-12,1847,2439,1785,2254,2961,1891,1278,1068,1137,wave_6
2022-02-13,1635,2416,1511,1810,2555,1653,1092,835,904,wave_6
2022-02-14,2982,4990,3814,4557,5954,3990,2475,1908,2132,wave_6
2022-02-15,2686,5148,3994,4217,5147,3165,2186,1677,1844,wave_6
2022-02-16,2257,4546,4007,3863,4809,2995,1971,1502,1462,wave_6
2022-02-17,2118,3745,3332,3478,4230,2745,1788,1419,1337,wave_6
2022-02-18,2032,3362,2955,3080,3897,2666,1788,1451,1431,wave_6
2022-02-19,1080,1755,1333,1483,1947,1416,992,761,808,wave_6
2022-02-20,905,1719,1182,1248,1763,1289,829,609,557,wave_6
2022-02-21,1876,3488,2946,3268,4326,2998,1959,1407,1472,wave_6
2022-02-22,1729,3348,3120,3100,3777,2605,1655,1374,1348,wave_6
2022-02-23,1484,3173,3173,3072,3630,2409,1536,1254,1244,wave_6
2022-02-24,1368,2591,2700,2752,3042,2220,1413,1111,1058,wave_6
2022-02-25,1191,2095,2005,2293,2918,2159,1412,1085,1224,wave_6
2022-02-26,746,1187,1035,1141,1569,1203,819,608,555,wave_6
2022-02-27,613,1078,942,1026,1311,965,658,525,516,wave_6
2022-02-28,1222,2447,2069,2305,3054,2173,1473,1201,1296,wave_6
2022-03-01,1125,2793,2357,2437,2842,2030,1300,993,972,wave_6
2022-03-02,1152,3773,3269,2993,3344,2279,1433,1148,1051,wave_6
2022-03-03,1137,3502,2940,2946,3245,2333,1512,1114,1101,wave_6
2022-03-04,1053,3213,2606,2576,3090,2338,1455,1151,997,wave_6
2022-03-05,620,1614,1178,1244,1650,1267,857,705,693,wave_6
2022-03-06,622,1375,964,1096,1586,1192,710,548,453,wave_6
2022-03-07,1282,2790,2241,2781,3519,2883,1693,1299,1055,wave_6
2022-03-08,1114,2669,2442,2717,3471,2522,1620,1256,1075,wave_6
2022-03-09,1076,2523,2532,2942,3460,2477,1587,1215,1068,wave_6
2022-03-10,1048,2262,2175,2665,3178,2398,1590,1294,1113,wave_6
2022-03-11,1078,2076,1880,2437,3109,2358,1647,1333,1158,wave_6
2022-03-12,676,1184,875,1256,1692,1327,994,824,613,wave_6
2022-03-13,693,1060,793,1257,1624,1300,885,744,643,wave_6
2022-03-14,1298,2329,1966,2942,3961,3093,2177,1694,1516,wave_6
2022-03-15,1198,2351,2113,2975,3732,2763,1966,1562,1295,wave_6
2022-03-16,1177,2287,2217,3130,3942,2722,2010,1659,1228,wave_6
2022-03-17,1130,1971,1837,2854,3513,2573,1983,1650,1224,wave_6
2022-03-18,1225,1764,1791,2841,3643,2776,2074,1699,1368,wave_6
2022-03-19,651,982,798,1437,1708,1390,1160,906,731,wave_6
2022-03-20,695,1109,797,1349,1827,1358,975,833,665,wave_6
2022-03-21,1420,2506,2252,3555,4655,3452,2548,2028,1687,wave_6
2022-03-22,1307,2783,2637,3869,4633,3436,2373,1912,1482,wave_6
2022-03-23,1196,2424,2639,3793,4455,3144,2324,1782,1372,wave_6
2022-03-24,984,1830,1947,2993,3697,2683,1990,1691,1213,wave_6
2022-03-25,982,1587,1673,2588,3248,2547,1858,1698,1289,wave_6
2022-03-26,437,777,648,1187,1565,1162,1048,903,701,wave_6
2022-03-27,417,639,522,938,1267,998,748,620,586,wave_6
